Grid_ID,Ecoregion,F_AREA
1,222,93238336
2,222,93238336
3,222,93238336
4,222,93238336
5,222,93238336
6,222,93238336
7,222,93238336
8,222,93238336
9,222,93238336
10,222,93238336
11,222,93238336
12,222,93238336
13,222,93238336
14,222,93238336
15,222,93238336
16,222,93238336
17,222,93238336
18,222,93238336
19,222,93238336
20,222,93238336
21,222,93238336
22,222,93238336
23,222,93238336
24,222,93238336
25,222,93238336
26,222,93238336
27,222,93238336
28,222,93238336
29,222,93238336
30,222,93238336
31,222,93238336
32,222,93238336
33,222,93238336
34,222,93238336
35,222,93238336
36,222,93238336
37,222,93238336
38,222,93238336
39,222,93238336
40,222,93238336
41,222,93238336
42,222,92340383.65
43,222,3157901.47
52,222,93238336
53,222,93238336
54,222,93238336
55,222,93238336
56,222,93238336
57,222,93238336
58,222,93238336
59,222,93238336
60,222,93238336
61,222,93238336
62,222,93238336
63,222,93238336
64,222,93238336
65,222,93238336
66,222,93238336
67,222,93238336
68,222,93238336
69,222,93238336
70,222,93238336
71,222,93238336
72,222,93238336
73,222,93238336
74,222,93238336
75,222,93238336
76,222,93238336
77,222,93238336
78,222,93238336
79,222,93238336
80,222,93238336
81,222,93238336
82,222,93238336
83,222,93238336
84,222,93238336
85,222,93238336
86,222,93238336
87,222,93238336
88,222,93238336
89,222,93238336
90,222,93238336
91,222,93238336
92,222,93238336
93,222,87146540.92
103,222,93238336
104,222,93238336
105,222,93238336
106,222,93238336
107,222,93238336
108,222,93238336
109,222,93238336
110,222,93238336
111,222,93238336
112,222,93238336
113,222,93238336
114,222,93238336
115,222,93238336
116,222,93238336
117,222,93238336
118,222,93238336
119,222,93238336
120,222,93238336
121,222,93238336
122,222,93238336
123,222,93238336
124,222,93238336
125,222,93238336
126,222,93238336
127,222,93238336
128,222,93238336
129,222,93238336
130,222,93238336
131,222,93238336
132,222,93238336
133,222,93238336
134,222,93238336
135,222,93238336
136,222,93238336
137,222,93238336
138,222,93238336
139,222,93238336
140,222,93238336
141,222,93238336
142,222,93238336
143,222,93238336
144,222,92686600.81
145,222,9804055.01
154,222,93238336
155,222,93238336
156,222,93238336
157,222,93238336
158,222,93238336
159,222,93238336
160,222,93238336
161,222,93238336
162,222,93238336
163,222,93238336
164,222,93238336
165,222,93238336
166,222,93238336
167,222,93238336
168,222,93238336
169,222,93238336
170,222,93238336
171,222,93238336
172,222,93238336
173,222,93238336
174,222,93238336
175,222,93238336
176,222,93238336
177,222,93238336
178,222,93238336
179,222,93238336
180,222,93238336
181,222,93238336
182,222,93238336
183,222,93238336
184,222,93238336
185,222,93238336
186,222,93238336
187,222,93238336
188,222,93238336
189,222,93238336
190,222,93238336
191,222,93238336
192,222,93238336
193,222,93238336
194,222,93238336
195,222,92537857.14
196,222,16484197.97
205,222,93238336
206,222,93238336
207,222,93238336
208,222,93238336
209,222,93238336
210,222,93238336
211,222,93238336
212,222,93238336
213,222,93238336
214,222,93238336
215,222,93238336
216,222,93238336
217,222,93238336
218,222,93238336
219,222,93238336
220,222,93238336
221,222,93238336
222,222,93238336
223,222,93238336
224,222,93238336
225,222,93238336
226,222,93238336
227,222,93238336
228,222,93238336
229,222,93238336
230,222,93238336
231,222,93238336
232,222,93238336
233,222,93238336
234,222,93238336
235,222,93238336
236,222,93238336
237,222,93238336
238,222,93238336
239,222,93238336
240,222,93238336
241,222,93238336
242,222,93238336
243,222,93238336
244,222,93238336
245,222,93238336
246,222,63407686.43
256,222,93238336
257,222,93238336
258,222,93238336
259,222,93238336
260,222,93238336
261,222,93238336
262,222,93238336
263,222,93238336
264,222,93238336
265,222,93238336
266,222,93238336
267,222,93238336
268,222,93238336
269,222,93238336
270,222,93238336
271,222,93238336
272,222,93238336
273,222,93238336
274,222,93238336
275,222,93238336
276,222,93238336
277,222,93238336
278,222,93238336
279,222,93238336
280,222,93238336
281,222,93238336
282,222,93238336
283,222,93238336
284,222,93238336
285,222,93238336
286,222,93238336
287,222,93238336
288,222,93238336
289,222,93238336
290,222,93238336
291,222,93238336
292,222,93238336
293,222,93238336
294,222,93238336
295,222,93238336
296,222,93238336
297,222,48418451.23
307,222,93238336
308,222,93238336
309,222,93238336
310,222,93238336
311,222,93238336
312,222,93238336
313,222,93238336
314,222,93238336
315,222,93238336
316,222,93238336
317,222,93238336
318,222,93238336
319,222,93238336
320,222,93238336
321,222,93238336
322,222,93238336
323,222,93238336
324,222,93238336
325,222,93238336
326,222,93238336
327,222,93238336
328,222,93238336
329,222,93238336
330,222,93238336
331,222,93238336
332,222,93238336
333,222,93238336
334,222,93238336
335,222,93238336
336,222,93238336
337,222,93238336
338,222,93238336
339,222,93238336
340,222,93238336
341,222,93238336
342,222,93238336
343,222,93238336
344,222,93238336
345,222,93238336
346,222,93238336
347,222,93232537.11
347,212,5798.89
348,222,10046159.07
348,212,10456970.87
358,222,93238336
359,222,93238336
360,222,93238336
361,222,93238336
362,222,93238336
363,222,93238336
364,222,93238336
365,222,93238336
366,222,93238336
367,222,93238336
368,222,93238336
369,222,93238336
370,222,93238336
371,222,93238336
372,222,93238336
373,222,93238336
374,222,93238336
375,222,93238336
376,222,93238336
377,222,93238336
378,222,93238336
379,222,93238336
380,222,93238336
381,222,93238336
382,222,93238336
383,222,93238336
384,222,93238336
385,222,93238336
386,222,93238336
387,222,93238336
388,222,93238336
389,222,93238336
390,222,93238336
391,222,93238336
392,222,93238336
393,222,93238336
394,222,93238336
395,222,93238336
396,222,93238336
397,222,93238336
398,222,82732164.35
398,212,10506171.65
399,222,1235014.05
399,212,13410364.91
409,222,93238336
410,222,93238336
411,222,93238336
412,222,93238336
413,222,93238336
414,222,93238336
415,222,93238336
416,222,93238336
417,222,93238336
418,222,93238336
419,222,93238336
420,222,93238336
421,222,93238336
422,222,93238336
423,222,93238336
424,222,93238336
425,222,93238336
426,222,93238336
427,222,93238336
428,222,93238336
429,222,93238336
430,222,93238336
431,222,93238336
432,222,93238336
433,222,93238336
434,222,93238336
435,222,93238336
436,222,93238336
437,222,93238336
438,222,93238336
439,222,93238336
440,222,93238336
441,222,93238336
442,222,93238336
443,222,93238336
444,222,93238336
445,222,93238336
446,222,93238336
447,222,93238336
448,222,93238336
449,222,43373977.01
449,212,47803299.07
450,212,5266935.8
460,222,93238336
461,222,93238336
462,222,93238336
463,222,93238336
464,222,93238336
465,222,93238336
466,222,93238336
467,222,93238336
468,222,93238336
469,222,93238336
470,222,93238336
471,222,93238336
472,222,93238336
473,222,93238336
474,222,93238336
475,222,93238336
476,222,93238336
477,222,93238336
478,222,93238336
479,222,93238336
480,222,93238336
481,222,93238336
482,222,93238336
483,222,93238336
484,222,93238336
485,222,93238336
486,222,93238336
487,222,93238336
488,222,93238336
489,222,93238336
490,222,93238336
491,222,93238336
492,222,93238336
493,222,93238336
494,222,93238336
495,222,93238336
496,222,93238336
497,222,93238336
498,222,93238336
499,222,93238336
500,222,54201942.27
500,212,38419961.83
501,212,6606402.53
511,222,93238336
512,222,93238336
513,222,93238336
514,222,93238336
515,222,93238336
516,222,93238336
517,222,93238336
518,222,93238336
519,222,93238336
520,222,93238336
521,222,93238336
522,222,93238336
523,222,93238336
524,222,93238336
525,222,93238336
526,222,93238336
527,222,93238336
528,222,93238336
529,222,93238336
530,222,93238336
531,222,93238336
532,222,93238336
533,222,93238336
534,222,93238336
535,222,93238336
536,222,93238336
537,222,93238336
538,222,93238336
539,222,93238336
540,222,93238336
541,222,93238336
542,222,93238336
543,222,93238336
544,222,93238336
545,222,93238336
546,222,93238336
547,222,93238336
548,222,93238336
549,222,93238336
550,222,93238336
551,222,69999301.38
551,212,23239034.62
552,212,28178148.8
562,222,93238336
563,222,93238336
564,222,93238336
565,222,93238336
566,222,93238336
567,222,93238336
568,222,93238336
569,222,93238336
570,222,93238336
571,222,93238336
572,222,93238336
573,222,93238336
574,222,93238336
575,222,93238336
576,222,93238336
577,222,93238336
578,222,93238336
579,222,93238336
580,222,93238336
581,222,93238336
582,222,93238336
583,222,93238336
584,222,93238336
585,222,93238336
586,222,93238336
587,222,93238336
588,222,93238336
589,222,93238336
590,222,93238336
591,222,93238336
592,222,93238336
593,222,93238336
594,222,93238336
595,222,93238336
596,222,93238336
597,222,93238336
598,222,93238336
599,222,93238336
600,222,93238336
601,222,93238336
602,222,49956961.84
602,212,43281374.16
603,212,70876478.49
613,222,93238336
614,222,93238336
615,222,93238336
616,222,93238336
617,222,93238336
618,222,93238336
619,222,93238336
620,222,93238336
621,222,93238336
622,222,93238336
623,222,93238336
624,222,93238336
625,222,93238336
626,222,93238336
627,222,93238336
628,222,93238336
629,222,93238336
630,222,93238336
631,222,93238336
632,222,93238336
633,222,93238336
634,222,93238336
635,222,93238336
636,222,93238336
637,222,93238336
638,222,93238336
639,222,93238336
640,222,93238336
641,222,93238336
642,222,93238336
643,222,93238336
644,222,93238336
645,222,93238336
646,222,93238336
647,222,93238336
648,222,93238336
649,222,93238336
650,222,93238336
651,222,93238336
652,222,93238336
653,222,64077063.91
653,212,29161272.09
654,212,82767468.88
655,212,706947.41
664,222,93238336
665,222,93238336
666,222,93238336
667,222,93238336
668,222,93238336
669,222,93238336
670,222,93238336
671,222,93238336
672,222,93238336
673,222,93238336
674,222,93238336
675,222,93238336
676,222,93238336
677,222,93238336
678,222,93238336
679,222,93238336
680,222,93238336
681,222,93238336
682,222,93238336
683,222,93238336
684,222,93238336
685,222,93238336
686,222,93238336
687,222,93238336
688,222,93238336
689,222,93238336
690,222,93238336
691,222,93238336
692,222,93238336
693,222,93238336
694,222,93238336
695,222,93238336
696,222,93238336
697,222,93238336
698,222,93238336
699,222,93238336
700,222,93238336
701,222,93238336
702,222,93238336
703,222,93238336
704,222,48827962.14
704,212,44410373.86
705,212,93238336
706,212,32062101.84
715,222,93238336
716,222,93238336
717,222,93238336
718,222,93238336
719,222,93238336
720,222,93238336
721,222,93238336
722,222,93238336
723,222,93238336
724,222,93238336
725,222,93238336
726,222,93238336
727,222,93238336
728,222,93238336
729,222,93238336
730,222,93238336
731,222,93238336
732,222,93238336
733,222,93238336
734,222,93238336
735,222,93238336
736,222,93238336
737,222,93238336
738,222,93238336
739,222,93238336
740,222,93238336
741,222,93238336
742,222,93238336
743,222,93238336
744,222,93238336
745,222,93238336
746,222,93238336
747,222,93238336
748,222,93238336
749,222,93238336
750,222,93238336
751,222,93238336
752,222,93238336
753,222,93238336
754,222,93238336
755,222,23173557.23
755,212,70064778.77
756,212,93238336
757,212,48149993.45
766,222,93238336
767,222,93238336
768,222,93238336
769,222,93238336
770,222,93238336
771,222,93238336
772,222,93238336
773,222,93238336
774,222,93238336
775,222,93238336
776,222,93238336
777,222,93238336
778,222,93238336
779,222,93238336
780,222,93238336
781,222,93238336
782,222,93238336
783,222,93238336
784,222,93238336
785,222,93238336
786,222,93238336
787,222,93238336
788,222,93238336
789,222,93238336
790,222,93238336
791,222,93238336
792,222,93238336
793,222,93238336
794,222,93238336
795,222,93238336
796,222,93238336
797,222,93238336
798,222,93238336
799,222,93238336
800,222,93238336
801,222,93238336
802,222,93238336
803,222,93238336
804,222,93238336
805,222,93238336
806,222,48142756.96
806,212,45095579.04
807,212,93238336
808,212,29959469.39
817,222,93238336
818,222,93238336
819,222,93238336
820,222,93238336
821,222,93238336
822,222,93238336
823,222,93238336
824,222,93238336
825,222,93238336
826,222,93238336
827,222,93238336
828,222,93238336
829,222,93238336
830,222,93238336
831,222,93238336
832,222,93238336
833,222,93238336
834,222,93238336
835,222,93238336
836,222,93238336
837,222,93238336
838,222,93238336
839,222,93238336
840,222,93238336
841,222,93238336
842,222,93238336
843,222,93238336
844,222,93238336
845,222,93238336
846,222,93238336
847,222,93238336
848,222,93238336
849,222,93238336
850,222,93238336
851,222,93238336
852,222,93238336
853,222,93238336
854,222,93238336
855,222,93238336
856,222,93238336
857,222,84489041.76
857,212,8749294.24
858,222,591634.17
858,212,92646701.83
859,212,26620335.06
868,222,93238336
869,222,93238336
870,222,93238336
871,222,93238336
872,222,93238336
873,222,93238336
874,222,93238336
875,222,93238336
876,222,93238336
877,222,93238336
878,222,93238336
879,222,93238336
880,222,93238336
881,222,93238336
882,222,93238336
883,222,93238336
884,222,93238336
885,222,93238336
886,222,93238336
887,222,93238336
888,222,93238336
889,222,93238336
890,222,93238336
891,222,93238336
892,222,93238336
893,222,93238336
894,222,93238336
895,222,93238336
896,222,93238336
897,222,93238336
898,222,93238336
899,222,93238336
900,222,93238336
901,222,93238336
902,222,93238336
903,222,93238336
904,222,93238336
905,222,93238336
906,222,78654965.49
906,212,14583370.51
907,222,62327547.39
907,212,30910788.61
908,222,60182618.84
908,212,33055717.16
909,222,1281654.6
909,212,91956681.4
910,212,51033628.68
919,222,93238336
920,222,93238336
921,222,93238336
922,222,93238336
923,222,93238336
924,222,93238336
925,222,93238336
926,222,93238336
927,222,93238336
928,222,93238336
929,222,93238336
930,222,93238336
931,222,93238336
932,222,93238336
933,222,93238336
934,222,93238336
935,222,93238336
936,222,93238336
937,222,93238336
938,222,93238336
939,222,93238336
940,222,93238336
941,222,93238336
942,222,93238336
943,222,93238336
944,222,93238336
945,222,93238336
946,222,93238336
947,222,93238336
948,222,93238336
949,222,93238336
950,222,93238336
951,222,93238336
952,222,93238336
953,222,93238336
954,222,93238336
955,222,93238336
956,222,88396786.48
956,212,4841549.52
957,222,11525561.04
957,212,81712774.96
958,212,93238336
959,212,93238336
960,212,93238336
961,212,79928790.82
962,212,618833.1
970,222,93238336
971,222,93238336
972,222,93238336
973,222,93238336
974,222,93238336
975,222,93238336
976,222,93238336
977,222,93238336
978,222,93238336
979,222,93238336
980,222,93238336
981,222,93238336
982,222,93238336
983,222,93238336
984,222,93238336
985,222,93238336
986,222,93238336
987,222,93238336
988,222,93238336
989,222,93238336
990,222,93238336
991,222,93238336
992,222,93238336
993,222,93238336
994,222,93238336
995,222,93238336
996,222,93238336
997,222,93238336
998,222,93238336
999,222,93238336
1000,222,93238336
1001,222,93238336
1002,222,93238336
1003,222,93180674.56
1003,212,57661.44
1004,222,91755327.08
1004,212,1483008.92
1005,222,93121392.22
1005,212,116943.78
1006,222,93238336
1007,222,78609358.2
1007,212,14628977.8
1008,222,525472.74
1008,212,92712863.26
1009,212,93238336
1010,212,93238336
1011,212,93238336
1012,212,93238336
1013,212,67107623.16
1021,222,93238336
1022,222,93238336
1023,222,93238336
1024,222,93238336
1025,222,93238336
1026,222,93238336
1027,222,93238336
1028,222,93238336
1029,222,93238336
1030,222,93238336
1031,222,93238336
1032,222,93238336
1033,222,93238336
1034,222,93238336
1035,222,93238336
1036,222,93238336
1037,222,93238336
1038,222,93238336
1039,222,93238336
1040,222,93238336
1041,222,93238336
1042,222,93238336
1043,222,93238336
1044,222,93238336
1045,222,93238336
1046,222,93238336
1047,222,93238336
1048,222,93238336
1049,222,93238336
1050,222,93238336
1051,222,93238336
1052,222,93238336
1053,222,93238336
1054,222,58603380.31
1054,212,34634955.69
1055,222,28182917.34
1055,212,65055418.66
1056,222,21231931.59
1056,212,72006404.41
1057,222,51868304.82
1057,212,41370031.18
1058,222,12541683.58
1058,212,80696652.42
1059,212,93238336
1060,212,93238336
1061,212,93238336
1062,212,93238336
1063,212,93238336
1064,212,81274012.89
1072,222,93238336
1073,222,93238336
1074,222,93238336
1075,222,93238336
1076,222,93238336
1077,222,93238336
1078,222,93238336
1079,222,93238336
1080,222,93238336
1081,222,93238336
1082,222,93238336
1083,222,93238336
1084,222,93238336
1085,222,93238336
1086,222,93238336
1087,222,93238336
1088,222,93238336
1089,222,93238336
1090,222,93238336
1091,222,93238336
1092,222,93238336
1093,222,93238336
1094,222,93238336
1095,222,93238336
1096,222,93238336
1097,222,93238336
1098,222,93238336
1099,222,93238336
1100,222,93238336
1101,222,93238336
1102,222,93238336
1103,222,83508525.21
1103,212,9729810.79
1104,222,86192019.66
1104,212,7046316.34
1105,222,64388830.66
1105,212,28849505.34
1106,212,93238336
1107,222,254026.37
1107,212,92984309.63
1108,222,15079346.81
1108,212,78158989.19
1109,212,93238336
1110,212,93238336
1111,212,93238336
1112,212,93238336
1113,212,93238336
1114,212,93238336
1115,212,67837048
1123,222,93238336
1124,222,93238336
1125,222,93238336
1126,222,93238336
1127,222,93238336
1128,222,93238336
1129,222,93238336
1130,222,93238336
1131,222,93238336
1132,222,93238336
1133,222,93238336
1134,222,93238336
1135,222,93238336
1136,222,93238336
1137,222,93238336
1138,222,93238336
1139,222,93238336
1140,222,93238336
1141,222,93238336
1142,222,93238336
1143,222,93238336
1144,222,93238336
1145,222,93238336
1146,222,92793624.04
1146,212,444711.96
1147,222,48562481.56
1147,212,44675854.44
1148,222,44034875.89
1148,212,49203460.11
1149,222,86067817.28
1149,212,7170518.72
1150,222,93238336
1151,222,93238336
1152,222,93238336
1153,222,93238336
1154,222,60541402.35
1154,212,32696933.65
1155,222,5449464.47
1155,212,87788871.53
1156,222,12837215.7
1156,212,80401120.3
1157,212,93238336
1158,212,93238336
1159,212,93238336
1160,212,93238336
1161,212,93238336
1162,212,93238336
1163,212,93238336
1164,212,93238336
1165,212,93238336
1166,212,86147901.67
1167,212,49123.9
1174,222,93238336
1175,222,93238336
1176,222,93238336
1177,222,93238336
1178,222,93238336
1179,222,93238336
1180,222,93238336
1181,222,93238336
1182,222,93238336
1183,222,93238336
1184,222,93238336
1185,222,93238336
1186,222,93238336
1187,222,93238336
1188,222,93238336
1189,222,93238336
1190,222,93238336
1191,222,79652393.17
1191,212,13585942.83
1192,222,37487437.62
1192,212,55750898.38
1193,222,53969199.37
1193,212,39269136.63
1194,222,89070462.73
1194,212,4167873.27
1195,222,89072871.15
1195,212,4165464.85
1196,222,63513227.47
1196,212,29725108.53
1197,222,24960188.85
1197,212,68278147.15
1198,222,39138029.4
1198,212,54100306.6
1199,222,9053339.7
1199,212,84184996.3
1200,222,81119462.28
1200,212,12118873.72
1201,222,93238336
1202,222,93238336
1203,222,93238336
1204,222,93238336
1205,222,74871060.41
1205,212,18367275.59
1206,222,2218770.4
1206,212,91019565.6
1207,212,93238336
1208,212,93238336
1209,212,93238336
1210,212,93238336
1211,212,93238336
1212,212,93238336
1213,212,80779243.19
1214,212,74589860.06
1215,212,93238336
1216,212,93238336
1217,212,93238336
1218,212,10353060.86
1225,222,93238336
1226,222,93238336
1227,222,93238336
1228,222,93238336
1229,222,93238336
1230,222,93238336
1231,222,93238336
1232,222,93238336
1233,222,93238336
1234,222,93238336
1235,222,93238336
1236,222,93238336
1237,222,93238336
1238,222,93238336
1239,222,93238336
1240,222,93238336
1241,222,93238336
1242,222,57463639.6
1242,212,35774696.4
1243,212,93238336
1244,212,93238336
1245,222,685518.63
1245,212,92552817.37
1246,222,3950029.86
1246,212,89288306.14
1247,222,592098.61
1247,212,92646237.39
1248,212,93238336
1249,212,93238336
1250,222,3429252.64
1250,212,89809083.36
1251,222,27319129.8
1251,212,65919206.2
1252,222,75984136.86
1252,212,17254199.14
1253,222,90247446.71
1253,212,2990889.29
1254,222,25148418.65
1254,212,68089917.35
1255,222,27140042.62
1255,212,66098293.38
1256,222,26594394.96
1256,212,66643941.04
1257,212,93238336
1258,212,93238336
1259,212,93238336
1260,212,93238336
1261,212,93238336
1262,212,93238336
1263,212,93238336
1264,212,63676331.28
1265,212,15123242.68
1266,212,78587999.32
1267,212,93238336
1268,212,93238336
1269,212,43186906.66
1276,222,93238336
1277,222,93238336
1278,222,93238336
1279,222,93238336
1280,222,93238336
1281,222,93238336
1282,222,93238336
1283,222,93238336
1284,222,93238336
1285,222,93238336
1286,222,93238336
1287,222,93238336
1288,222,93238336
1289,222,93238336
1290,222,93238336
1291,222,93238336
1292,222,86533822.1
1292,212,6704513.9
1293,222,4512754.01
1293,212,88725581.99
1294,212,93238336
1295,212,93238336
1296,212,93238336
1297,212,93238336
1298,212,93238336
1299,212,93238336
1300,212,93238336
1301,212,93238336
1302,222,7899886.19
1302,212,85338449.81
1303,222,2052492.88
1303,212,91185843.12
1304,222,4873453.93
1304,212,88364882.07
1305,212,93238336
1306,212,93238336
1307,212,93238336
1308,212,93238336
1309,212,93238336
1310,212,93238336
1311,212,93238336
1312,212,93238336
1313,212,93238336
1314,212,93238336
1315,212,83319698.57
1316,212,86386.16
1317,212,4362773.49
1318,212,88611373.07
1319,212,93238336
1320,212,87292291.86
1321,212,4357827.92
1327,222,93238336
1328,222,93238336
1329,222,93238336
1330,222,93238336
1331,222,93238336
1332,222,93238336
1333,222,93238336
1334,222,93238336
1335,222,93238336
1336,222,93238336
1337,222,93238336
1338,222,93238336
1339,222,93238336
1340,222,93238336
1341,222,83428517.94
1341,212,9809818.06
1342,222,67880032.79
1342,212,25358303.21
1343,222,44566785.37
1343,212,48671550.63
1344,212,93238336
1345,212,93238336
1346,212,93238336
1347,212,93238336
1348,212,93238336
1349,212,93238336
1350,212,93238336
1351,212,93238336
1352,212,93238336
1353,212,93238336
1354,212,93238336
1355,212,93238336
1356,212,93238336
1357,212,93238336
1358,212,93238336
1359,212,93238336
1360,212,93238336
1361,212,93238336
1362,212,93238336
1363,212,93238336
1364,212,93238336
1365,212,93238336
1366,212,93238336
1367,212,33052937.73
1369,212,49073728.56
1370,212,93238336
1371,212,93238336
1372,212,29505443.24
1378,222,93238336
1379,222,93238336
1380,222,93238336
1381,222,93238336
1382,222,93238336
1383,222,93238336
1384,222,93238336
1385,222,93238336
1386,222,93238336
1387,222,93238336
1388,222,93238336
1389,222,93238336
1390,222,93001144.32
1390,212,237191.68
1391,222,47596848.22
1391,212,45641487.78
1392,222,7714391.87
1392,212,85523944.13
1393,222,990799.44
1393,212,92247536.56
1394,212,93238336
1395,212,93238336
1396,212,93238336
1397,212,93238336
1398,212,93238336
1399,212,93238336
1400,212,93238336
1401,212,93238336
1402,212,93238336
1403,212,93238336
1404,212,93238336
1405,212,93238336
1406,212,93238336
1407,212,93238336
1408,212,93238336
1409,212,93238336
1410,212,93238336
1411,212,93238336
1412,212,93238336
1413,212,93238336
1414,212,93238336
1415,212,93238336
1416,212,93238336
1417,212,93238336
1418,212,84429262.64
1419,212,3218466.41
1420,212,2871232.86
1421,212,32135559.08
1422,212,65729446.84
1423,212,78597535.65
1424,212,6476293.91
1429,222,93238336
1430,222,93238336
1431,222,93238336
1432,222,93238336
1433,222,93238336
1434,222,93238336
1435,222,93238336
1436,222,93238336
1437,222,93238336
1438,222,93238336
1439,222,93238336
1440,222,73716346.81
1440,212,19521989.19
1441,222,20939570.94
1441,212,72298765.06
1442,212,93238336
1443,212,93238336
1444,212,93238336
1445,212,93238336
1446,212,93238336
1447,212,93238336
1448,212,93238336
1449,212,93238336
1450,212,93238336
1451,212,93238336
1452,212,93238336
1453,212,93238336
1454,212,93238336
1455,212,93238336
1456,212,93238336
1457,212,93238336
1458,212,93238336
1459,212,93238336
1460,212,93238336
1461,212,93238336
1462,212,93238336
1463,212,93238336
1464,212,93238336
1465,212,93238336
1466,212,93238336
1467,212,93238336
1468,212,93238336
1469,212,93203458.26
1470,212,41318930.03
1471,212,15029683.51
1473,212,23312155.79
1474,212,93238336
1475,212,30116091.41
1480,222,93238336
1481,222,93238336
1482,222,93238336
1483,222,93238336
1484,222,93238336
1485,222,93238336
1486,222,93238336
1487,222,93238336
1488,222,93238336
1489,222,93238336
1490,222,58454120.66
1490,212,34784215.34
1491,222,4551843.99
1491,212,88686492.01
1492,212,93238336
1493,212,93238336
1494,212,93238336
1495,212,93238336
1496,212,93238336
1497,212,93238336
1498,212,93238336
1499,212,93238336
1500,212,93238336
1501,212,93238336
1502,212,93238336
1503,212,93238336
1504,212,93238336
1505,212,93238336
1506,212,93238336
1507,212,93238336
1508,212,93238336
1509,212,93238336
1510,212,93238336
1511,212,93238336
1512,212,93238336
1513,212,93238336
1514,212,93238336
1515,212,93238336
1516,212,93238336
1517,212,93238336
1518,212,93238336
1519,212,93238336
1520,212,93238336
1521,212,93238336
1522,212,71957383.75
1523,212,551366.36
1524,212,447971.09
1525,212,69815207.71
1526,212,64923551.29
1527,212,1506166.28
1531,222,93238336
1532,222,93238336
1533,222,93238336
1534,222,93238336
1535,222,93238336
1536,222,93238336
1537,222,93238336
1538,222,93238336
1539,222,93238336
1540,222,93238336
1541,222,49185549.43
1541,212,44052786.57
1542,212,93238336
1543,212,93238336
1544,212,93238336
1545,212,93238336
1546,212,93238336
1547,212,93238336
1548,212,93238336
1549,212,93238336
1550,212,93238336
1551,212,93238336
1552,212,93238336
1553,212,93238336
1554,212,93238336
1555,212,93238336
1556,212,93238336
1557,212,93238336
1558,212,93238336
1559,212,93238336
1560,212,93238336
1561,212,93238336
1562,212,93238336
1563,212,93238336
1564,212,93238336
1565,212,93238336
1566,212,93238336
1567,212,93238336
1568,212,93238336
1569,212,93238336
1570,212,93238336
1571,212,93238336
1572,212,93238336
1573,212,85118506.32
1574,212,348149.68
1576,212,24558355.86
1577,212,91720774.32
1578,212,25877939.25
1582,222,93238336
1583,222,93238336
1584,222,73389339.34
1584,212,19848996.66
1585,222,53784776.49
1585,212,39453559.51
1586,222,57469703.25
1586,212,35768632.75
1587,222,93214065.59
1587,212,24270.41
1588,222,69377181.46
1588,212,23861154.54
1589,222,93238336
1590,222,93238336
1591,222,93238336
1592,222,35731020.76
1592,212,57507315.24
1593,212,93238336
1594,212,93238336
1595,212,93238336
1596,212,93238336
1597,212,93238336
1598,212,93238336
1599,212,93238336
1600,212,93238336
1601,212,93238336
1602,212,93238336
1603,212,93238336
1604,212,93238336
1605,212,93238336
1606,212,93238336
1607,212,93238336
1608,212,93238336
1609,212,93238336
1610,212,93238336
1611,212,93238336
1612,212,93238336
1613,212,93238336
1614,212,93238336
1615,212,93238336
1616,212,93238336
1617,212,93238336
1618,212,93238336
1619,212,93238336
1620,212,93238336
1621,212,93238336
1622,212,93238336
1623,212,93238336
1624,212,93238336
1625,212,42755523.07
1626,212,8679650.88
1627,212,4669255.2
1628,212,34807870.57
1629,212,49523054.16
1633,222,51720093.41
1633,212,41518242.59
1634,222,85292678.91
1634,212,7945657.09
1635,222,34984494.37
1635,212,58253841.63
1636,212,93238336
1637,212,93238336
1638,222,39848414.99
1638,212,53389921.01
1639,222,9820500.34
1639,212,83417835.66
1640,222,38070547.07
1640,212,55167788.93
1641,222,64122289.71
1641,212,29116046.29
1642,222,60929772.74
1642,212,32308563.26
1643,222,3608193.56
1643,212,89630142.44
1644,212,93238336
1645,212,93238336
1646,212,93238336
1647,212,93238336
1648,212,93238336
1649,212,93238336
1650,212,93238336
1651,212,93238336
1652,212,93238336
1653,212,93238336
1654,212,93238336
1655,212,93238336
1656,212,93238336
1657,212,93238336
1658,212,93238336
1659,212,93238336
1660,212,93238336
1661,212,93238336
1662,212,93238336
1663,212,93238336
1664,212,93238336
1665,212,93238336
1666,212,93238336
1667,212,93238336
1668,212,93238336
1669,212,93238336
1670,212,93238336
1671,212,93238336
1672,212,93238336
1673,212,93238336
1674,212,93238336
1675,212,93238336
1676,212,90805544.09
1677,212,13544504.43
1679,212,2402771.05
1680,212,45306030.46
1681,212,3048627.72
1684,212,93238336
1685,222,12890436.08
1685,212,80347899.92
1686,222,7321829.78
1686,212,85916506.22
1687,212,93238336
1688,212,93238336
1689,212,93238336
1690,212,93238336
1691,212,93238336
1692,222,4350001.08
1692,212,88888334.92
1693,212,93238336
1694,212,93238336
1695,212,93238336
1696,212,93238336
1697,212,93238336
1698,212,93238336
1699,212,93238336
1700,212,93238336
1701,212,93238336
1702,212,93238336
1703,212,93238336
1704,212,93238336
1705,212,93238336
1706,212,93238336
1707,212,93238336
1708,212,93238336
1709,212,93238336
1710,212,93238336
1711,212,93238336
1712,212,93238336
1713,212,93238336
1714,212,93238336
1715,212,93238336
1716,212,93238336
1717,212,93238336
1718,212,93238336
1719,212,93238336
1720,212,93238336
1721,212,93238336
1722,212,93238336
1723,212,93238336
1724,212,93238336
1725,212,93238336
1726,212,93238336
1727,212,93238336
1728,212,60925248.14
1732,212,57880282.16
1733,212,549675.81
1735,222,4505281.87
1735,212,88733054.13
1736,212,93238336
1737,212,93238336
1738,212,93238336
1739,212,93238336
1740,212,93238336
1741,212,93238336
1742,212,93238336
1743,212,93238336
1744,212,93238336
1745,212,93238336
1746,212,93238336
1747,212,93238336
1748,212,93238336
1749,212,93238336
1750,212,93238336
1751,212,93238336
1752,212,93238336
1753,212,93238336
1754,212,93238336
1755,212,93238336
1756,212,93238336
1757,212,93238336
1758,212,93238336
1759,212,93238336
1760,212,93238336
1761,212,93238336
1762,212,93238336
1763,212,93238336
1764,212,93238336
1765,212,93238336
1766,212,93238336
1767,212,93238336
1768,212,93238336
1769,212,93238336
1770,212,93238336
1771,212,93238336
1772,212,93238336
1773,212,93238336
1774,212,93238336
1775,212,93238336
1776,212,93238336
1777,212,93238336
1778,212,93238336
1779,212,92597813.54
1780,212,10858420.35
1783,212,1354340.05
1784,212,5778767.07
1786,212,93238336
1787,212,93238336
1788,212,93238336
1789,212,93238336
1790,212,93238336
1791,212,93238336
1792,212,93238336
1793,212,93238336
1794,212,93238336
1795,212,93238336
1796,212,93238336
1797,212,93238336
1798,212,93238336
1799,212,93238336
1800,212,93238336
1801,212,93238336
1802,212,93238336
1803,212,93238336
1804,212,93238336
1805,212,93238336
1806,212,93238336
1807,212,93238336
1808,212,93238336
1809,212,93238336
1810,212,93238336
1811,212,93238336
1812,212,93238336
1813,212,93238336
1814,212,93238336
1815,212,93238336
1816,212,93238336
1817,212,93238336
1818,212,93238336
1819,212,93238336
1820,212,93238336
1821,212,93238336
1822,212,93238336
1823,212,93238336
1824,212,93238336
1825,212,93238336
1826,212,93238336
1827,212,93238336
1828,212,93238336
1829,212,93238336
1830,212,93238336
1831,212,47975639.68
1835,212,3161800.91
1836,212,9050995.5
1837,212,93238336
1838,212,93238336
1839,212,93238336
1840,212,93238336
1841,212,93238336
1842,212,93238336
1843,212,93238336
1844,212,93238336
1845,212,93238336
1846,212,93238336
1847,212,93238336
1848,212,93238336
1849,212,93238336
1850,212,93238336
1851,212,93238336
1852,212,93238336
1853,212,93238336
1854,212,93238336
1855,212,93238336
1856,212,93238336
1857,212,93238336
1858,212,93238336
1859,212,93238336
1860,212,93238336
1861,212,93238336
1862,212,93238336
1863,212,93238336
1864,212,93238336
1865,212,93238336
1866,212,93238336
1867,212,93238336
1868,212,93238336
1869,212,93238336
1870,212,93238336
1871,212,93238336
1872,212,93238336
1873,212,93238336
1874,212,93238336
1875,212,93238336
1876,212,93238336
1877,212,93238336
1878,212,93238336
1879,212,93238336
1880,212,93238336
1881,212,93238336
1882,212,87795354.72
1883,212,9227610.1
1884,212,224249.92
1886,212,1589742.68
1887,212,31318494.65
1888,212,93238336
1889,212,93238336
1890,212,93238336
1891,212,93238336
1892,212,93238336
1893,212,93238336
1894,212,93238336
1895,212,93238336
1896,212,93238336
1897,212,93238336
1898,212,93238336
1899,212,93238336
1900,212,93238336
1901,212,93238336
1902,212,93238336
1903,212,93238336
1904,212,93238336
1905,212,93238336
1906,212,93238336
1907,212,93238336
1908,212,93238336
1909,212,93238336
1910,212,93238336
1911,212,93238336
1912,212,93238336
1913,212,93238336
1914,212,93238336
1915,212,93238336
1916,212,93238336
1917,212,93238336
1918,212,93238336
1919,212,93238336
1920,212,93238336
1921,212,93238336
1922,212,93238336
1923,212,93238336
1924,212,93238336
1925,212,93238336
1926,212,93238336
1927,212,93238336
1928,212,93238336
1929,212,93238336
1930,212,93238336
1931,212,93238336
1932,212,93238336
1933,212,93238336
1934,212,83604286.32
1935,212,25990326.11
1936,212,45373392.54
1937,212,3695634.14
1938,212,66039441.45
1939,212,93238336
1940,212,93238336
1941,212,93238336
1942,212,93238336
1943,212,93238336
1944,212,93238336
1945,212,93238336
1946,212,93238336
1947,212,93238336
1948,212,93238336
1949,212,93238336
1950,212,93238336
1951,212,93238336
1952,212,93238336
1953,212,93238336
1954,212,93238336
1955,212,93238336
1956,212,93238336
1957,212,93238336
1958,212,93238336
1959,212,93238336
1960,212,93238336
1961,212,93238336
1962,212,93238336
1963,212,93238336
1964,212,93238336
1965,212,93238336
1966,212,93238336
1967,212,93238336
1968,212,93238336
1969,212,93238336
1970,212,93238336
1971,212,93238336
1972,212,93238336
1973,212,93238336
1974,212,93238336
1975,212,93238336
1976,212,93238336
1977,212,93238336
1978,212,93238336
1979,212,93238336
1980,212,93238336
1981,212,93238336
1982,212,93238336
1983,212,93238336
1984,212,93238336
1985,212,93238336
1986,212,47210314.91
1987,212,92700732.45
1988,212,16348679.49
1989,212,16184383.6
1990,212,93238336
1991,212,93238336
1992,212,93238336
1993,212,93238336
1994,212,93238336
1995,212,93238336
1996,212,93238336
1997,212,93238336
1998,212,93238336
1999,212,93238336
2000,212,93238336
2001,212,93238336
2002,212,93238336
2003,212,93238336
2004,212,93238336
2005,212,93238336
2006,212,93238336
2007,212,93238336
2008,212,93238336
2009,212,93238336
2010,212,93238336
2011,212,93238336
2012,212,93238336
2013,212,93238336
2014,212,93238336
2015,212,93238336
2016,212,93238336
2017,212,93238336
2018,212,93238336
2019,212,93238336
2020,212,93238336
2021,212,93238336
2022,212,93238336
2023,212,93238336
2024,212,93238336
2025,212,93238336
2026,212,93238336
2027,212,93238336
2028,212,93238336
2029,212,93238336
2030,212,93238336
2031,212,93238336
2032,212,93238336
2033,212,93238336
2034,212,93238336
2035,212,93238336
2036,212,93238336
2037,212,68338292.16
2038,212,93238336
2039,212,82186938.87
2040,212,64647816.17
2041,212,93238336
2042,212,93238336
2043,212,93238336
2044,212,93238336
2045,212,93238336
2046,212,93238336
2047,212,93238336
2048,212,93238336
2049,212,93238336
2050,212,93238336
2051,212,93238336
2052,212,93238336
2053,212,93238336
2054,212,93238336
2055,212,93238336
2056,212,93238336
2057,212,93238336
2058,212,93238336
2059,212,93238336
2060,212,93238336
2061,212,93238336
2062,212,93238336
2063,212,93238336
2064,212,93238336
2065,212,93238336
2066,212,93238336
2067,212,93238336
2068,212,93238336
2069,212,93238336
2070,212,93238336
2071,212,93238336
2072,212,93238336
2073,212,93238336
2074,212,93238336
2075,212,93238336
2076,212,93238336
2077,212,93238336
2078,212,93238336
2079,212,93238336
2080,212,93238336
2081,212,93238336
2082,212,93238336
2083,212,93238336
2084,212,93238336
2085,212,93238336
2086,212,93238336
2087,212,93238336
2088,212,93238336
2089,212,93238336
2090,212,93238336
2091,212,93238336
2092,212,93238336
2093,212,93238336
2094,212,93238336
2095,212,93238336
2096,212,93238336
2097,212,93238336
2098,212,93238336
2099,212,93238336
2100,212,93238336
2101,212,93238336
2102,212,93238336
2103,212,93238336
2104,212,93238336
2105,212,93238336
2106,212,93238336
2107,212,93238336
2108,212,93238336
2109,212,93238336
2110,212,93238336
2111,212,93238336
2112,212,93238336
2113,212,93238336
2114,212,93238336
2115,212,93238336
2116,212,93238336
2117,212,93238336
2118,212,93238336
2119,212,93238336
2120,212,93238336
2121,212,93238336
2122,212,93238336
2123,212,93238336
2124,212,93238336
2125,212,93238336
2126,212,93238336
2127,212,93238336
2128,212,93238336
2129,212,93238336
2130,212,93238336
2131,212,93238336
2132,212,93238336
2133,212,93238336
2134,212,93238336
2135,212,93238336
2136,212,93238336
2137,212,93238336
2138,212,93238336
2139,212,93238336
2140,212,93238336
2141,212,93238336
2142,212,93238336
2143,212,93238336
2144,212,93238336
2145,212,93238336
2146,212,93238336
2147,212,93238336
2148,212,93238336
2149,212,93238336
2150,212,93238336
2151,212,93238336
2152,212,93238336
2153,212,93238336
2154,212,93238336
2155,212,93238336
2156,212,93238336
2157,212,93238336
2158,212,93238336
2159,212,93238336
2160,212,93238336
2161,212,93238336
2162,212,93238336
2163,212,93238336
2164,212,93238336
2165,212,93238336
2166,212,93238336
2167,212,93238336
2168,212,93238336
2169,212,93238336
2170,212,93238336
2171,212,93238336
2172,212,93238336
2173,212,93238336
2174,212,93238336
2175,212,93238336
2176,212,93238336
2177,212,93238336
2178,212,93238336
2179,212,93238336
2180,212,93238336
2181,212,93238336
2182,212,93238336
2183,212,93238336
2184,212,93238336
2185,212,93238336
2186,212,93238336
2187,212,93238336
2188,212,93238336
2189,212,93238336
2190,212,93238336
2191,212,93238336
2192,212,93238336
2193,212,93238336
2194,212,93238336
2195,212,93238336
2196,212,93238336
2197,212,93238336
2198,212,93238336
2199,212,93238336
2200,212,93238336
2201,212,93238336
2202,212,93238336
2203,212,93238336
2204,212,93238336
2205,212,93238336
2206,212,93238336
2207,212,93238336
2208,212,93238336
2209,212,93238336
2210,212,93238336
2211,212,93238336
2212,212,93238336
2213,212,93238336
2214,212,93238336
2215,212,93238336
2216,212,93238336
2217,212,93238336
2218,212,93238336
2219,212,93238336
2220,212,93238336
2221,212,93238336
2222,212,93238336
2223,212,93238336
2224,212,93238336
2225,212,93238336
2226,212,93238336
2227,212,93238336
2228,212,93238336
2229,212,93238336
2230,212,93238336
2231,212,93238336
2232,212,93238336
2233,212,93238336
2234,212,93238336
2235,212,93238336
2236,212,93238336
2237,212,93238336
2238,212,93238336
2239,212,93238336
2240,212,93238336
2241,212,93238336
2242,212,93238336
2243,212,93238336
2244,212,93238336
2245,212,93238336
2246,212,93238336
2247,212,93238336
2248,212,93238336
2249,212,93238336
2250,212,93238336
2251,212,93238336
2252,212,93238336
2253,212,93238336
2254,212,93238336
2255,212,93238336
2256,212,93238336
2257,212,93238336
2258,212,93238336
2259,212,93238336
2260,212,93238336
2261,212,93238336
2262,212,93238336
2263,212,93238336
2264,212,93238336
2265,212,93238336
2266,212,93238336
2267,212,93238336
2268,212,93238336
2269,212,93238336
2270,212,93238336
2271,212,93238336
2272,212,93238336
2273,212,93238336
2274,212,93238336
2275,212,93238336
2276,212,93238336
2277,212,93238336
2278,212,93238336
2279,212,93238336
2280,212,93238336
2281,212,93238336
2282,212,93238336
2283,212,93238336
2284,212,93238336
2285,212,93238336
2286,212,93238336
2287,212,93238336
2288,212,93238336
2289,212,93238336
2290,212,93238336
2291,212,93238336
2292,212,93238336
2293,212,93238336
2294,212,93238336
2295,212,93238336
2296,212,93238336
2297,212,93238336
2298,212,93238336
2299,212,93238336
2300,212,93238336
2301,212,93238336
2302,212,93238336
2303,212,93238336
2304,212,93238336
2305,212,93238336
2306,212,93238336
2307,212,93238336
2308,212,93238336
2309,212,93238336
2310,212,93238336
2311,212,93238336
2312,212,93238336
2313,212,93238336
2314,212,93238336
2315,212,93238336
2316,212,93238336
2317,212,93238336
2318,212,93238336
2319,212,93238336
2320,212,93238336
2321,212,93238336
2322,212,93238336
2323,212,93238336
2324,212,93238336
2325,212,93238336
2326,212,93238336
2327,212,93238336
2328,212,93238336
2329,212,93238336
2330,212,93238336
2331,212,93238336
2332,212,93238336
2333,212,93238336
2334,212,93238336
2335,212,93238336
2336,212,93238336
2337,212,93238336
2338,212,93238336
2339,212,93238336
2340,212,93238336
2341,212,93238336
2342,212,93238336
2343,212,93238336
2344,212,82887487.82
2345,212,89195073.98
2346,212,83807227.75
2347,212,93238336
2348,212,93238336
2349,212,93238336
2350,212,93238336
2351,212,93238336
2352,212,93238336
2353,212,93238336
2354,212,93238336
2355,212,93238336
2356,212,93238336
2357,212,93238336
2358,212,93238336
2359,212,93238336
2360,212,93238336
2361,212,93238336
2362,212,93238336
2363,212,93238336
2364,212,93238336
2365,212,93238336
2366,212,86094502.6
2367,212,90229871.52
2368,212,93238336
2369,212,93238336
2370,212,93238336
2371,212,93238336
2372,212,93238336
2373,212,93238336
2374,212,93238336
2375,212,93238336
2376,212,93238336
2377,212,93238336
2378,212,93238336
2379,212,93238336
2380,212,93238336
2381,212,93238336
2382,212,93238336
2383,212,93238336
2384,212,93238336
2385,212,93238336
2386,212,93238336
2387,212,93238336
2388,212,93238336
2389,212,93238336
2390,212,93238336
2391,212,45070111
2392,212,33237160.15
2393,212,56888633.13
2394,212,49025042.19
2395,212,7207084.66
2396,212,41246978.64
2397,212,37995995.54
2398,212,93238336
2399,212,93238336
2400,212,93238336
2401,212,93238336
2402,212,93238336
2403,212,93238336
2404,212,93238336
2405,212,93238336
2406,212,93238336
2407,212,93238336
2408,212,93238336
2409,212,93238336
2410,212,93238336
2411,212,93238336
2412,212,93238336
2413,212,89687410.02
2414,212,28923990.46
2415,212,75507121.42
2416,212,38187079.93
2417,212,1976678.39
2418,212,13404014.87
2419,212,46133557.69
2420,212,76878373.76
2421,212,93186728.55
2422,212,93238336
2423,212,93238336
2424,212,93238336
2425,212,93238336
2426,212,93238336
2427,212,93238336
2428,212,93238336
2429,212,93238336
2430,212,93238336
2431,212,93238336
2432,212,93238336
2433,212,93238336
2434,212,93238336
2435,212,93238336
2436,212,93238336
2437,212,93238336
2438,212,93238336
2439,212,93238336
2440,212,93238336
2441,212,67813962.18
2442,212,4325092.1
2447,212,11360769.83
2448,212,1621145.39
2449,212,93238336
2450,212,93238336
2451,212,93238336
2452,212,93238336
2453,212,93238336
2454,212,93238336
2455,212,92554455.54
2456,212,48462410.2
2457,212,36034077.78
2458,212,54334752.72
2459,212,86054776.96
2460,212,93238336
2461,212,93238336
2462,212,93238336
2463,212,93238336
2464,212,93238336
2465,212,45364164.09
2466,212,2798571.85
2472,212,33876367.55
2473,212,91474263.02
2474,212,93238336
2475,212,93238336
2476,212,93238336
2477,212,93238336
2478,212,93238336
2479,212,93238336
2480,212,93238336
2481,212,93238336
2482,212,93238336
2483,212,93238336
2484,212,93238336
2485,212,93238336
2486,212,93238336
2487,212,93238336
2488,212,93238336
2489,212,93238336
2490,212,93238336
2491,212,80894795.68
2492,212,3688158.5
2500,212,93238336
2501,212,93238336
2502,212,93238336
2503,212,93238336
2504,212,93238336
2505,212,93238336
2506,212,85620616.85
2507,212,4600588.07
2510,212,3251037.73
2511,212,17183666.81
2512,212,54456501.34
2513,212,91044569.42
2514,212,93238336
2515,212,93238336
2516,212,71354442.52
2517,212,36155007.77
2518,212,11341005.47
2524,212,31175900.5
2525,212,75409252.19
2526,212,76275355.95
2527,212,89486990.53
2528,212,93238336
2529,212,93238336
2530,212,93238336
2531,212,93238336
2532,212,93238336
2533,212,93238336
2534,212,93238336
2535,212,60394877.88
2536,212,92001016.62
2537,212,92963555.01
2538,212,93238336
2539,212,93238336
2540,212,93238336
2541,212,91932713.46
2542,212,30817478.72
2551,212,93238336
2552,212,93238336
2553,212,93238336
2554,212,93238336
2555,212,93238336
2556,212,93238336
2557,212,93238336
2558,212,77647471.68
2559,212,16493965.2
2564,212,12096510.58
2565,212,26993318.05
2566,212,78649461.75
2567,212,93238336
2568,212,39296051.49
2569,212,26708788.09
2570,212,7662235.32
2578,212,74514.96
2579,212,25380426.92
2580,212,78340966.33
2581,212,93238336
2582,212,93238336
2583,212,93238336
2584,212,93238336
2585,212,93238336
2586,212,39576889.94
2587,212,46079509.82
2588,212,74605588.73
2589,212,90892072.24
2590,212,88720012.97
2591,212,67349297.12
2592,212,16299707.56
2602,212,93238336
2603,212,93238336
2604,212,93238336
2605,212,93238336
2606,212,93238336
2607,212,93238336
2608,212,93238336
2609,212,93238336
2610,212,90451760.58
2611,212,40923317.49
2617,212,14477822.32
2618,212,23528118.17
2619,212,24891162.59
2620,212,27138482.19
2621,212,16799863.71
2622,212,804273.26
2631,212,9501914.45
2632,212,65789038.89
2633,212,84744816.13
2634,212,93238336
2635,212,93238336
2636,212,93238336
2637,212,65790736.06
2638,212,684978.01
2639,212,21410477.05
2640,212,2430072.84
2653,212,93238336
2654,212,93238336
2655,212,93238336
2656,212,93238336
2657,212,93238336
2658,212,93238336
2659,212,93238336
2660,212,93238336
2661,212,93238336
2662,212,93026343.85
2663,212,53770044.48
2664,212,31712.5
2670,212,6928191.62
2671,212,6775794.05
2672,212,12189504.39
2673,212,14109405.66
2684,212,13226641.22
2685,212,92841863.51
2686,212,93238336
2687,212,93238336
2688,212,93238336
2689,212,28013216.51
2704,212,93238336
2705,212,93238336
2706,212,93238336
2707,212,93238336
2708,212,93238336
2709,212,93238336
2710,212,93238336
2711,212,93238336
2712,212,93238336
2713,212,93238336
2714,212,93238336
2715,212,70126785.48
2716,212,5847489.41
2736,212,30167060.92
2737,212,87539925.99
2738,212,93238336
2739,212,93238336
2740,212,81933567.51
2741,212,7356565.98
